measured_intensity_1_pulse,0.0626503240592221
measured_distance,-0.0105170093361786
measured_intensity_1_pulse_squared,-0.0985799769011015
offset,2.8820683590344518
