measured_intensity_1_pulse,-0.1768610814020000
measured_distance,-0.0104620980663684
measured_intensity_1_pulse_squared,-0.2787192030503108
offset,3.1126100205192850
