measured_intensity_1_pulse,-1.3863036720423771
measured_distance,-0.0183213622522582
measured_intensity_1_pulse_squared,0.5082139073092026
offset,3.3758236306033034
